Quarter,Avg_Product_A,Avg_Product_B,Avg_Product_C,Avg_Product_D,Avg_Total_Sales,Total_Sales
Q1,81.33333333333333,55.666666666666664,38.0,26.666666666666668,201.66666666666666,605
Q2,78.0,63.0,35.333333333333336,16.0,192.33333333333334,577
Q3,71.0,60.333333333333336,23.333333333333332,38.0,192.66666666666666,578
Q4,60.666666666666664,66.0,36.666666666666664,45.0,208.33333333333334,625
